/*
SQLyog Community v13.1.9 (64 bit)
MySQL - 10.7.3-MariaDB-1:10.7.3+maria~focal : Database - tgt_db
*********************************************************************
*/

/*!40101 SET NAMES utf8 */;

/*!40101 SET SQL_MODE=''*/;

/*!40014 SET @OLD_UNIQUE_CHECKS=@@UNIQUE_CHECKS, UNIQUE_CHECKS=0 */;
/*!40014 SET @OLD_FOREIGN_KEY_CHECKS=@@FOREIGN_KEY_CHECKS, FOREIGN_KEY_CHECKS=0 */;
/*!40101 SET @OLD_SQL_MODE=@@SQL_MODE, SQL_MODE='NO_AUTO_VALUE_ON_ZERO' */;
/*!40111 SET @OLD_SQL_NOTES=@@SQL_NOTES, SQL_NOTES=0 */;
CREATE DATABASE /*!32312 IF NOT EXISTS*/`tgt_db` /*!40100 DEFAULT CHARACTER SET utf8mb4 */;

USE `tgt_db`;

/*Table structure for table `ytds_absensi` */

DROP TABLE IF EXISTS `ytds_absensi`;

CREATE TABLE `ytds_absensi` (
  `id` int(7) NOT NULL AUTO_INCREMENT,
  `id_member` varchar(99) NOT NULL,
  `waktu_masuk` time NOT NULL,
  `waktu_keluar` time DEFAULT NULL,
  `tanggal` date DEFAULT NULL,
  `diabsen_oleh` varchar(30) DEFAULT NULL,
  PRIMARY KEY (`id`)
) ENGINE=MyISAM AUTO_INCREMENT=392 DEFAULT CHARSET=latin1;

/*Data for the table `ytds_absensi` */

insert  into `ytds_absensi`(`id`,`id_member`,`waktu_masuk`,`waktu_keluar`,`tanggal`,`diabsen_oleh`) values 
(1,'TGT-20180260019','17:22:20',NULL,'2019-01-31','Tgt Admin'),
(2,'TGT-20180260026','17:22:52',NULL,'2019-01-31','Tgt Admin'),
(3,'TGT-20180260020','17:22:54',NULL,'2019-01-31','Tgt Admin'),
(4,'TGT-20180260011','17:22:57',NULL,'2019-01-31','Tgt Admin'),
(5,'TGT-20180260027','17:22:59',NULL,'2019-01-31','Tgt Admin'),
(6,'TGT-20180260012','17:23:04',NULL,'2019-01-31','Tgt Admin'),
(7,'TGT-20180260015','17:23:06',NULL,'2019-01-31','Tgt Admin'),
(8,'TGT-20180260030','17:23:09',NULL,'2019-01-31','Tgt Admin'),
(9,'TGT-20180260023','17:23:14',NULL,'2019-01-31','Tgt Admin'),
(10,'TGT-20180260008','17:23:35',NULL,'2019-01-31','Tgt Admin'),
(11,'TGT-20170260003','17:23:40',NULL,'2019-01-31','Tgt Admin'),
(12,'TGT-20180260018','17:23:43',NULL,'2019-01-31','Tgt Admin'),
(13,'TGT-20180260005','17:23:52',NULL,'2019-01-31','Tgt Admin'),
(14,'TGT-20180260016','17:23:57',NULL,'2019-01-31','Tgt Admin'),
(15,'TGT-20170260029','17:24:01',NULL,'2019-01-31','Tgt Admin'),
(16,'TGT-20180120031','17:24:15',NULL,'2019-01-31','Tgt Admin'),
(17,'TGT-20180260024','17:24:18',NULL,'2019-01-31','Tgt Admin'),
(18,'TGT-20180260014','17:24:22',NULL,'2019-01-31','Tgt Admin'),
(19,'TGT-20180260010','17:24:24',NULL,'2019-01-31','Tgt Admin'),
(20,'TGT-20180260021','17:24:27',NULL,'2019-01-31','Tgt Admin'),
(21,'TGT-20180260022','17:25:02',NULL,'2019-01-31','Tgt Admin'),
(22,'TGT-20180260009','17:27:12',NULL,'2019-01-31','Tgt Admin'),
(23,'TGT-20180260013','17:33:19',NULL,'2019-01-31','Tgt Admin'),
(24,'TGT-20180260023','15:01:50',NULL,'2019-02-07','Tgt Admin'),
(25,'TGT-20180260022','15:02:57',NULL,'2019-02-07','Tgt Admin'),
(26,'TGT-20180260005','15:05:06',NULL,'2019-02-07','Tgt Admin'),
(27,'TGT-20180260024','15:13:57',NULL,'2019-02-07','Tgt Admin'),
(28,'TGT-20180260018','15:14:03',NULL,'2019-02-07','Tgt Admin'),
(29,'TGT-20170260029','15:14:08',NULL,'2019-02-07','Tgt Admin'),
(30,'TGT-20170260003','15:14:11',NULL,'2019-02-07','Tgt Admin'),
(31,'TGT-20180260019','15:14:44',NULL,'2019-02-07','Tgt Admin'),
(32,'TGT-20180260021','15:47:30',NULL,'2019-02-07','Tgt Admin'),
(33,'TGT-20180260014','15:47:52',NULL,'2019-02-07','Tgt Admin'),
(34,'TGT-20180260027','15:47:57',NULL,'2019-02-07','Tgt Admin'),
(35,'TGT-20180260012','15:48:07',NULL,'2019-02-07','Tgt Admin'),
(36,'TGT-20180260030','15:48:18',NULL,'2019-02-07','Tgt Admin'),
(37,'TGT-20180260013','15:48:22',NULL,'2019-02-07','Tgt Admin'),
(38,'TGT-20180260028','15:51:17',NULL,'2019-02-07','Tgt Admin'),
(39,'TGT-20180260017','15:51:21',NULL,'2019-02-07','Tgt Admin'),
(40,'TGT-20180260007','15:51:24',NULL,'2019-02-07','Tgt Admin'),
(41,'TGT-20180260009','15:56:21',NULL,'2019-02-07','Tgt Admin'),
(42,'TGT-20180260010','15:09:22',NULL,'2019-02-14','Tgt Admin'),
(43,'TGT-20180260005','15:09:35',NULL,'2019-02-14','Tgt Admin'),
(44,'TGT-20180260018','15:09:44',NULL,'2019-02-14','Tgt Admin'),
(45,'TGT-20180260011','15:09:50',NULL,'2019-02-14','Tgt Admin'),
(46,'TGT-20180260016','15:09:54',NULL,'2019-02-14','Tgt Admin'),
(47,'TGT-20180260015','15:10:03',NULL,'2019-02-14','Tgt Admin'),
(48,'TGT-20180260030','15:10:09',NULL,'2019-02-14','Tgt Admin'),
(49,'TGT-20180260027','15:10:14',NULL,'2019-02-14','Tgt Admin'),
(50,'TGT-20180260026','15:10:18',NULL,'2019-02-14','Tgt Admin'),
(51,'TGT-20180260008','15:10:30',NULL,'2019-02-14','Tgt Admin'),
(52,'TGT-20180260012','15:10:32',NULL,'2019-02-14','Tgt Admin'),
(53,'TGT-20170260003','15:10:53',NULL,'2019-02-14','Tgt Admin'),
(54,'TGT-20180260013','15:11:10',NULL,'2019-02-14','Tgt Admin'),
(55,'TGT-20180260019','15:11:13',NULL,'2019-02-14','Tgt Admin'),
(56,'TGT-20180260023','15:14:09',NULL,'2019-02-14','Tgt Admin'),
(57,'TGT-20170260004','15:16:18',NULL,'2019-02-14','Tgt Admin'),
(58,'TGT-20180260022','15:16:58',NULL,'2019-02-14','Tgt Admin'),
(59,'TGT-20180260009','15:23:13',NULL,'2019-02-14','Tgt Admin'),
(60,'TGT-20170260029','15:57:28',NULL,'2019-02-14','Tgt Admin'),
(61,'TGT-20180260024','15:57:32',NULL,'2019-02-14','Tgt Admin'),
(62,'TGT-20180260022','16:43:12',NULL,'2019-02-21','Tgt Admin'),
(63,'TGT-20180260018','16:58:21','16:58:46','2019-02-21','Tgt Admin'),
(64,'TGT-20180260011','16:58:33','16:58:51','2019-02-21','Tgt Admin'),
(65,'TGT-20180260028','16:59:14','17:08:39','2019-02-21','Tgt Admin'),
(66,'TGT-20180260020','16:59:28','16:59:36','2019-02-21','Tgt Admin'),
(67,'TGT-20180260015','16:59:43','16:59:47','2019-02-21','Tgt Admin'),
(68,'TGT-20180260019','17:00:08','17:00:18','2019-02-21','Tgt Admin'),
(69,'TGT-20180260030','17:00:28','17:00:55','2019-02-21','Tgt Admin'),
(70,'TGT-20180260012','17:01:13','17:01:16','2019-02-21','Tgt Admin'),
(71,'TGT-20180260024','17:01:22','17:01:26','2019-02-21','Tgt Admin'),
(72,'TGT-20180260026','17:01:39','17:01:43','2019-02-21','Tgt Admin'),
(73,'TGT-20180260027','17:02:42','17:02:49','2019-02-21','Tgt Admin'),
(74,'TGT-20180260009','17:05:35','17:05:59','2019-02-21','Tgt Admin'),
(75,'TGT-20180260023','17:06:07','17:06:27','2019-02-21','Tgt Admin'),
(76,'TGT-20180260013','17:08:05','17:08:16','2019-02-21','Tgt Admin'),
(77,'TGT-20180120031','17:08:07',NULL,'2019-02-21','Tgt Admin'),
(78,'TGT-20180260017','17:08:45','17:08:50','2019-02-21','Tgt Admin'),
(79,'TGT-20180260010','17:08:57','17:09:03','2019-02-21','Tgt Admin'),
(80,'TGT-20170260003','17:09:24','17:09:31','2019-02-21','Tgt Admin'),
(81,'TGT-20180260021','17:09:38','17:09:49','2019-02-21','Tgt Admin'),
(82,'TGT-20170260029','17:09:55','17:10:02','2019-02-21','Tgt Admin'),
(83,'TGT-20180260014','17:10:57','17:11:04','2019-02-21','Tgt Admin'),
(84,'TGT-20180260016','17:11:44','17:11:47','2019-02-21','Tgt Admin'),
(85,'TGT-20180260007','17:13:02','17:13:09','2019-02-21','Tgt Admin'),
(86,'TGT-20170260003','14:39:54',NULL,'2019-03-07','Tgt Admin'),
(87,'TGT-20170260029','14:40:01',NULL,'2019-03-07','Tgt Admin'),
(88,'TGT-20180120031','14:43:47',NULL,'2019-03-07','Tgt Admin'),
(89,'TGT-20180260015','14:43:54',NULL,'2019-03-07','Tgt Admin'),
(90,'TGT-20180260012','14:44:05',NULL,'2019-03-07','Tgt Admin'),
(91,'TGT-20180260030','14:44:09',NULL,'2019-03-07','Tgt Admin'),
(92,'TGT-20180260020','14:59:33',NULL,'2019-03-07','Tgt Admin'),
(93,'TGT-20180260011','14:59:39',NULL,'2019-03-07','Tgt Admin'),
(94,'TGT-20180260019','14:59:46',NULL,'2019-03-07','Tgt Admin'),
(95,'TGT-20180260005','14:59:49',NULL,'2019-03-07','Tgt Admin'),
(96,'TGT-20180260023','14:59:54','18:28:33','2019-03-07','Tgt Admin'),
(97,'TGT-20180260009','15:00:04',NULL,'2019-03-07','Tgt Admin'),
(98,'TGT-20180260010','15:00:12',NULL,'2019-03-07','Tgt Admin'),
(99,'TGT-20180260018','15:00:16',NULL,'2019-03-07','Tgt Admin'),
(100,'TGT-20180260016','15:00:28',NULL,'2019-03-07','Tgt Admin'),
(101,'TGT-20180260024','15:00:57',NULL,'2019-03-07','Tgt Admin'),
(102,'TGT-20180260019','15:33:53',NULL,'2019-03-14','Tgt Admin'),
(103,'TGT-20180260010','15:44:58',NULL,'2019-03-14','Tgt Admin'),
(104,'TGT-20180260018','15:45:06',NULL,'2019-03-14','Tgt Admin'),
(105,'TGT-20180260005','15:45:11',NULL,'2019-03-14','Tgt Admin'),
(106,'TGT-20170260029','15:45:14',NULL,'2019-03-14','Tgt Admin'),
(107,'TGT-20180260015','15:45:21',NULL,'2019-03-14','Tgt Admin'),
(108,'TGT-20180260024','15:48:31',NULL,'2019-03-14','Tgt Admin'),
(109,'TGT-20180260023','16:06:08',NULL,'2019-03-14','Tgt Admin'),
(110,'TGT-20180260011','16:07:19',NULL,'2019-03-14','Tgt Admin'),
(111,'TGT-20180260027','16:08:47',NULL,'2019-03-14','Tgt Admin'),
(112,'TGT-20180260026','16:08:50',NULL,'2019-03-14','Tgt Admin'),
(113,'TGT-20180260009','16:17:25',NULL,'2019-03-28','Tgt Admin'),
(114,'TGT-20180260010','18:17:01','18:17:05','2019-03-28','Tgt Admin'),
(115,'TGT-20180260015','18:17:09','18:17:12','2019-03-28','Tgt Admin'),
(116,'TGT-20180260030','18:17:30','18:17:33','2019-03-28','Tgt Admin'),
(117,'TGT-20180260012','18:17:38','18:17:42','2019-03-28','Tgt Admin'),
(118,'TGT-20170260003','18:17:48','18:17:55','2019-03-28','Tgt Admin'),
(119,'TGT-20180260027','18:17:58','18:18:02','2019-03-28','Tgt Admin'),
(120,'TGT-20170260029','18:18:12','18:18:16','2019-03-28','Tgt Admin'),
(121,'TGT-20180260026','18:19:11','18:19:18','2019-03-28','Tgt Admin'),
(122,'TGT-20180260021','18:19:31','18:19:34','2019-03-28','Tgt Admin'),
(123,'TGT-20180260023','18:20:17','18:20:26','2019-03-28','Tgt Admin'),
(124,'TGT-20180260022','18:21:31','18:21:40','2019-03-28','Tgt Admin'),
(125,'TGT-20180260012','18:25:03','18:26:42','2019-04-04','Tgt Admin'),
(126,'TGT-20180260030','18:25:14','18:26:46','2019-04-04','Tgt Admin'),
(127,'TGT-20180260007','18:25:21','18:27:19','2019-04-04','Tgt Admin'),
(128,'TGT-20180260020','18:25:29','18:26:55','2019-04-04','Tgt Admin'),
(129,'TGT-20180260018','18:25:36','18:27:33','2019-04-04','Tgt Admin'),
(130,'TGT-20180260010','18:25:42','18:26:58','2019-04-04','Tgt Admin'),
(131,'TGT-20180260005','18:25:48','18:27:23','2019-04-04','Tgt Admin'),
(132,'TGT-20180260014','18:26:13','18:27:37','2019-04-04','Tgt Admin'),
(133,'TGT-20180260024','18:26:19','18:26:51','2019-04-04','Tgt Admin'),
(134,'TGT-20170260029','18:26:28','18:27:28','2019-04-04','Tgt Admin'),
(135,'TGT-20180260027','18:27:10','18:27:14','2019-04-04','Tgt Admin'),
(136,'TGT-20180260022','18:32:33',NULL,'2019-04-04','Tgt Admin'),
(137,'TGT-20180260009','18:48:33','18:48:50','2019-04-04','Tgt Admin'),
(138,'TGT-20180260022','16:21:46',NULL,'2019-04-11','Tgt Admin'),
(139,'TGT-20180260019','16:21:51',NULL,'2019-04-11','Tgt Admin'),
(140,'TGT-20180260023','18:54:57','18:55:10','2019-04-11','Tgt Admin'),
(141,'TGT-20180260009','18:55:16','18:55:23','2019-04-11','Tgt Admin'),
(142,'TGT-20180260018','18:55:29','18:55:34','2019-04-11','Tgt Admin'),
(143,'TGT-20180260011','18:06:45','18:07:25','2019-04-18','Tgt Admin'),
(144,'TGT-20180260020','18:07:21',NULL,'2019-04-18','Tgt Admin'),
(145,'TGT-20180260014','18:07:30','18:07:35','2019-04-18','Tgt Admin'),
(146,'TGT-20180260019','18:07:53','18:08:26','2019-04-18','Tgt Admin'),
(147,'TGT-20180260012','18:08:20',NULL,'2019-04-18','Tgt Admin'),
(148,'TGT-20180260015','18:11:43','18:11:48','2019-04-18','Tgt Admin'),
(149,'TGT-20180260021','18:15:55','18:15:59','2019-04-18','Tgt Admin'),
(150,'TGT-20170260003','18:16:57','18:17:01','2019-04-18','Tgt Admin'),
(151,'TGT-20170260029','18:17:09','18:17:13','2019-04-18','Tgt Admin'),
(152,'TGT-20180260024','18:17:22','18:17:26','2019-04-18','Tgt Admin'),
(153,'TGT-20180260009','18:17:38','18:17:43','2019-04-18','Tgt Admin'),
(154,'TGT-20180260010','18:17:50','18:17:59','2019-04-18','Tgt Admin'),
(155,'TGT-20180260023','18:19:23','18:19:29','2019-04-18','Tgt Admin'),
(156,'TGT-20180260030','18:18:04','18:18:08','2019-04-25','Tgt Admin'),
(157,'TGT-20180260012','18:18:18','18:18:20','2019-04-25','Tgt Admin'),
(158,'TGT-20180260020','18:18:27','18:18:31','2019-04-25','Tgt Admin'),
(159,'TGT-20180260011','18:18:37','18:18:40','2019-04-25','Tgt Admin'),
(160,'TGT-20180260005','18:18:52','18:19:06','2019-04-25','Tgt Admin'),
(161,'TGT-20180260019','18:19:09','18:19:21','2019-04-25','Tgt Admin'),
(162,'TGT-20180260018','18:21:30','18:21:34','2019-04-25','Tgt Admin'),
(163,'TGT-20180260023','18:21:43','18:21:52','2019-04-25','Tgt Admin'),
(164,'TGT-20180260009','18:22:57','18:23:08','2019-04-25','Tgt Admin'),
(165,'TGT-20180260027','18:23:13','18:23:16','2019-04-25','Tgt Admin'),
(166,'TGT-20180260008','18:23:28','18:23:32','2019-04-25','Tgt Admin'),
(167,'TGT-20170260003','18:24:21',NULL,'2019-04-25','Tgt Admin'),
(168,'TGT-20180260024','18:24:50','18:24:54','2019-04-25','Tgt Admin'),
(169,'TGT-20170260029','18:25:45','18:25:49','2019-04-25','Tgt Admin'),
(170,'TGT-20180260024','17:51:43','17:51:48','2019-05-02','Tgt Admin'),
(171,'TGT-20180260026','17:51:56','17:52:17','2019-05-02','Tgt Admin'),
(172,'TGT-20180260012','17:52:01',NULL,'2019-05-02','Tgt Admin'),
(173,'TGT-20180260030','17:52:07',NULL,'2019-05-02','Tgt Admin'),
(174,'TGT-20180260011','17:52:21','17:52:23','2019-05-02','Tgt Admin'),
(175,'TGT-20180260027','17:52:31',NULL,'2019-05-02','Tgt Admin'),
(176,'TGT-20180260023','17:52:59','17:53:03','2019-05-02','Tgt Admin'),
(177,'TGT-20180260009','17:53:09','17:53:13','2019-05-02','Tgt Admin'),
(178,'TGT-20180260020','17:53:18','17:53:23','2019-05-02','Tgt Admin'),
(179,'TGT-20170260003','17:53:27','17:53:30','2019-05-02','Tgt Admin'),
(180,'TGT-20170260029','17:53:34','17:53:37','2019-05-02','Tgt Admin'),
(181,'TGT-20180260021','17:53:42','17:53:44','2019-05-02','Tgt Admin'),
(182,'TGT-20180260024','22:35:21','22:35:26','2019-06-13','Tgt Admin'),
(183,'TGT-20180260010','22:35:29','22:35:32','2019-06-13','Tgt Admin'),
(184,'TGT-20180260012','22:35:35','22:35:38','2019-06-13','Tgt Admin'),
(185,'TGT-20180260030','22:35:42','22:35:46','2019-06-13','Tgt Admin'),
(186,'TGT-20180260005','22:35:51','22:35:54','2019-06-13','Tgt Admin'),
(187,'TGT-20170260029','22:35:59','22:36:05','2019-06-13','Tgt Admin'),
(188,'TGT-20170260003','22:36:14','22:36:19','2019-06-13','Tgt Admin'),
(189,'TGT-20180260023','22:37:02','22:37:05','2019-06-13','Tgt Admin'),
(190,'TGT-20180260012','22:07:32','22:07:36','2019-07-11','Tgt Admin'),
(191,'TGT-20180260030','22:07:41','22:07:44','2019-07-11','Tgt Admin'),
(192,'TGT-20180260005','22:07:52','22:07:55','2019-07-11','Tgt Admin'),
(193,'TGT-20180260011','22:08:02','22:08:06','2019-07-11','Tgt Admin'),
(194,'TGT-20180260008','22:08:10','22:08:14','2019-07-11','Tgt Admin'),
(195,'TGT-20180260021','22:08:23','22:08:27','2019-07-11','Tgt Admin'),
(196,'TGT-20170260029','22:08:56','22:08:59','2019-07-11','Tgt Admin'),
(197,'TGT-20170260003','22:09:22','22:09:27','2019-07-11','Tgt Admin'),
(198,'TGT-20180260026','22:09:36','22:09:40','2019-07-11','Tgt Admin'),
(199,'TGT-20180260015','22:09:45','22:09:48','2019-07-11','Tgt Admin'),
(200,'TGT-20180260027','22:09:53','22:09:55','2019-07-11','Tgt Admin'),
(201,'TGT-20180260010','22:10:03','22:10:10','2019-07-11','Tgt Admin'),
(202,'TGT-20180260013','22:10:22','22:10:28','2019-07-11','Tgt Admin'),
(203,'TGT-20180260023','22:12:16','23:11:38','2019-07-11','Tgt Admin'),
(204,'TGT-20180260024','22:17:25','22:17:49','2019-07-11','Tgt Admin'),
(205,'TGT-20180260016','22:18:09','22:18:27','2019-07-11','Tgt Admin'),
(206,'TGT-20180260014','22:18:42','22:19:02','2019-07-11','Tgt Admin'),
(207,'TGT-20180260019','22:20:29','22:21:01','2019-07-11','Tgt Admin'),
(208,'TGT-20180260022','23:12:30','23:12:40','2019-07-11','Tgt Admin'),
(209,'TGT-20180260023','20:49:15','23:03:36','2019-07-18','Tgt Admin'),
(210,'TGT-20180260009','20:49:25','22:46:03','2019-07-18','Tgt Admin'),
(211,'TGT-20180260011','20:50:08','22:29:52','2019-07-18','Tgt Admin'),
(212,'TGT-20180260016','20:52:59','22:30:39','2019-07-18','Tgt Admin'),
(213,'TGT-20180260010','20:53:09','22:46:55','2019-07-18','Tgt Admin'),
(214,'TGT-20180260015','20:53:15','22:45:41','2019-07-18','Tgt Admin'),
(215,'TGT-20180260024','20:55:44','22:30:30','2019-07-18','Tgt Admin'),
(216,'TGT-20180260014','20:56:14','22:30:46','2019-07-18','Tgt Admin'),
(217,'TGT-20170260029','20:56:19','22:46:00','2019-07-18','Tgt Admin'),
(218,'TGT-20170260003','20:56:21','22:47:04','2019-07-18','Tgt Admin'),
(219,'TGT-20180260021','20:56:23','22:45:51','2019-07-18','Tgt Admin'),
(220,'TGT-20180260022','20:58:37','22:31:47','2019-07-18','Tgt Admin'),
(221,'TGT-20180120031','20:58:45',NULL,'2019-07-18','Tgt Admin'),
(222,'TGT-20180260020','22:30:08','22:30:15','2019-07-18','Tgt Admin'),
(223,'TGT-20180260019','22:28:59','22:29:12','2019-07-25','Tgt Admin'),
(224,'TGT-20180260012','22:29:46','22:30:03','2019-07-25','Tgt Admin'),
(225,'TGT-20180260030','22:29:54','22:30:16','2019-07-25','Tgt Admin'),
(226,'TGT-20180260022','22:32:15','22:32:32','2019-07-25','Tgt Admin'),
(227,'TGT-20180260005','22:32:49','22:33:03','2019-07-25','Tgt Admin'),
(228,'TGT-20180260020','22:43:36','22:43:41','2019-07-25','Tgt Admin'),
(229,'TGT-20180260015','22:43:50','22:43:55','2019-07-25','Tgt Admin'),
(230,'TGT-20180260014','22:44:29','22:45:00','2019-07-25','Tgt Admin'),
(231,'TGT-20180260016','22:45:12','22:45:22','2019-07-25','Tgt Admin'),
(232,'TGT-20180260024','22:45:30','22:45:41','2019-07-25','Tgt Admin'),
(233,'TGT-20180260010','22:45:50',NULL,'2019-07-25','Tgt Admin'),
(234,'TGT-20180260009','22:46:13','22:46:18','2019-07-25','Tgt Admin'),
(235,'TGT-20180260027','22:46:40','22:46:43','2019-07-25','Tgt Admin'),
(236,'TGT-20170260003','22:46:47','22:46:50','2019-07-25','Tgt Admin'),
(237,'TGT-20180260021','22:47:06','22:47:13','2019-07-25','Tgt Admin'),
(238,'TGT-20170260029','22:47:20','22:47:25','2019-07-25','Tgt Admin'),
(239,'TGT-20180260030','22:20:10','22:20:16','2019-08-01','Tgt Admin'),
(240,'TGT-20180260012','22:20:24',NULL,'2019-08-01','Tgt Admin'),
(241,'TGT-20180260011','22:20:30','22:20:33','2019-08-01','Tgt Admin'),
(242,'TGT-20180260020','22:20:37','22:20:40','2019-08-01','Tgt Admin'),
(243,'TGT-20180260024','22:21:18',NULL,'2019-08-01','Tgt Admin'),
(244,'TGT-20180260016','22:21:29','22:21:41','2019-08-01','Tgt Admin'),
(245,'TGT-20180260015','22:21:53',NULL,'2019-08-01','Tgt Admin'),
(246,'TGT-20180260014','22:22:18','22:22:32','2019-08-01','Tgt Admin'),
(247,'TGT-20180260021','22:29:14','22:29:27','2019-08-01','Tgt Admin'),
(248,'TGT-20180260022','22:30:19','22:30:27','2019-08-01','Tgt Admin'),
(249,'TGT-20180260010','22:30:30','22:30:34','2019-08-01','Tgt Admin'),
(250,'TGT-20170260003','22:30:41','22:30:46','2019-08-01','Tgt Admin'),
(251,'TGT-20170260029','22:32:32','22:32:35','2019-08-01','Tgt Admin'),
(252,'TGT-20180260019','22:36:41','22:36:48','2019-08-01','Tgt Admin'),
(253,'TGT-20180260009','22:38:27','22:38:32','2019-08-01','Tgt Admin'),
(254,'TGT-20180260023','22:39:35','22:39:40','2019-08-01','Tgt Admin'),
(255,'TGT-20180260030','22:35:06','22:35:12','2019-08-08','Tgt Admin'),
(256,'TGT-20180260012','22:35:20','22:35:24','2019-08-08','Tgt Admin'),
(257,'TGT-20180260011','22:35:40','22:36:39','2019-08-08','Tgt Admin'),
(258,'TGT-20180260020','22:35:53','22:36:30','2019-08-08','Tgt Admin'),
(259,'TGT-20180260005','22:36:44','22:36:48','2019-08-08','Tgt Admin'),
(260,'TGT-20180260010','22:36:54','22:36:58','2019-08-08','Tgt Admin'),
(261,'TGT-20180260026','22:37:04','22:37:10','2019-08-08','Tgt Admin'),
(262,'TGT-20180260027','22:37:16','22:37:25','2019-08-08','Tgt Admin'),
(263,'TGT-20180260019','22:37:31','22:37:34','2019-08-08','Tgt Admin'),
(264,'TGT-20180260013','22:37:43','22:37:49','2019-08-08','Tgt Admin'),
(265,'TGT-20170260029','22:38:02','22:38:07','2019-08-08','Tgt Admin'),
(266,'TGT-20180260021','22:38:13','22:38:16','2019-08-08','Tgt Admin'),
(267,'TGT-20180260015','22:38:23','22:38:31','2019-08-08','Tgt Admin'),
(268,'TGT-20170260003','22:38:38','22:38:41','2019-08-08','Tgt Admin'),
(269,'TGT-20180260024','22:39:21','22:39:35','2019-08-08','Tgt Admin'),
(270,'TGT-20180260022','22:42:20','22:42:29','2019-08-08','Tgt Admin'),
(271,'TGT-20180260023','22:42:33','22:42:45','2019-08-08','Tgt Admin'),
(272,'TGT-20180260016','22:43:19','22:43:36','2019-08-08','Tgt Admin'),
(273,'TGT-20180260014','22:44:01','22:44:10','2019-08-08','Tgt Admin'),
(274,'TGT-20180260009','22:44:16','22:44:24','2019-08-08','Tgt Admin'),
(275,'TGT-20180260024','22:06:21','22:06:29','2019-08-15','Tgt Admin'),
(276,'TGT-20180260015','22:06:40','22:06:45','2019-08-15','Tgt Admin'),
(277,'TGT-20180260019','22:06:51','22:07:01','2019-08-15','Tgt Admin'),
(278,'TGT-20180260020','22:07:12','22:07:17','2019-08-15','Tgt Admin'),
(279,'TGT-20180260011','22:07:25','22:07:31','2019-08-15','Tgt Admin'),
(280,'TGT-20180260010','22:07:42','22:07:51','2019-08-15','Tgt Admin'),
(281,'TGT-20180260016','22:08:17','22:08:31','2019-08-15','Tgt Admin'),
(282,'TGT-20180260014','22:09:13','22:09:28','2019-08-15','Tgt Admin'),
(283,'TGT-20180260013','22:09:48','22:09:52','2019-08-15','Tgt Admin'),
(284,'TGT-20170260029','22:10:31','22:10:37','2019-08-15','Tgt Admin'),
(285,'TGT-20180260030','22:10:40','22:10:45','2019-08-15','Tgt Admin'),
(286,'TGT-20180260012','22:10:51','22:10:53','2019-08-15','Tgt Admin'),
(287,'TGT-20180260021','22:10:58','22:11:07','2019-08-15','Tgt Admin'),
(288,'TGT-20180260022','22:12:00','22:12:07','2019-08-15','Tgt Admin'),
(289,'TGT-20170260003','22:12:15','22:12:20','2019-08-15','Tgt Admin'),
(290,'TGT-20180260005','22:00:00','22:00:06','2019-08-22','Tgt Admin'),
(291,'TGT-20180260011','22:00:17','22:00:23','2019-08-22','Tgt Admin'),
(292,'TGT-20180260016','22:00:54','22:02:07','2019-08-22','Tgt Admin'),
(293,'TGT-20180260014','22:02:38','22:02:52','2019-08-22','Tgt Admin'),
(294,'TGT-20180260012','22:03:11','22:03:25','2019-08-22','Tgt Admin'),
(295,'TGT-20180260015','22:03:33','22:03:42','2019-08-22','Tgt Admin'),
(296,'TGT-20180260027','22:03:48','22:03:57','2019-08-22','Tgt Admin'),
(297,'TGT-20180260026','22:04:01','22:04:05','2019-08-22','Tgt Admin'),
(298,'TGT-20170260029','22:04:09','22:04:17','2019-08-22','Tgt Admin'),
(299,'TGT-20180260023','22:04:21','22:23:08','2019-08-22','Tgt Admin'),
(300,'TGT-20170260003','22:04:38','22:04:44','2019-08-22','Tgt Admin'),
(301,'TGT-20180260024','22:05:43','22:06:26','2019-08-22','Tgt Admin'),
(302,'TGT-20180260022','22:12:59','22:13:06','2019-08-22','Tgt Admin'),
(303,'TGT-20180260019','22:18:07','22:18:15','2019-08-22','Tgt Admin'),
(304,'TGT-20180260009','22:22:09','22:22:16','2019-08-22','Tgt Admin'),
(305,'TGT-20180260010','22:22:40','22:22:46','2019-08-22','Tgt Admin'),
(306,'TGT-20180260021','22:23:18','22:23:26','2019-08-22','Tgt Admin'),
(307,'TGT-20180260011','22:12:45','22:13:19','2019-08-29','Tgt Admin'),
(308,'TGT-20180260020','22:12:50','22:13:24','2019-08-29','Tgt Admin'),
(309,'TGT-20180260015','22:13:36',NULL,'2019-08-29','Tgt Admin'),
(310,'TGT-20180260012','22:14:03','22:14:15','2019-08-29','Tgt Admin'),
(311,'TGT-20180260005','22:14:19','22:14:25','2019-08-29','Tgt Admin'),
(312,'TGT-20180260030','22:14:37',NULL,'2019-08-29','Tgt Admin'),
(313,'TGT-20180260027','22:14:40','22:14:48','2019-08-29','Tgt Admin'),
(314,'TGT-20180260023','22:15:02','22:15:06','2019-08-29','Tgt Admin'),
(315,'TGT-20180260009','22:15:38','22:16:42','2019-08-29','Tgt Admin'),
(316,'TGT-20180260026','22:16:53','22:17:17','2019-08-29','Tgt Admin'),
(317,'TGT-20180260010','22:17:33','22:17:42','2019-08-29','Tgt Admin'),
(318,'TGT-20180260013','22:18:15','22:18:32','2019-08-29','Tgt Admin'),
(319,'TGT-20180260019','22:20:26','22:20:42','2019-08-29','Tgt Admin'),
(320,'TGT-20180260016','22:21:20','22:21:46','2019-08-29','Tgt Admin'),
(321,'TGT-20180260014','22:21:57','22:22:21','2019-08-29','Tgt Admin'),
(322,'TGT-20180260021','22:22:36','22:22:46','2019-08-29','Tgt Admin'),
(323,'TGT-20170260003','22:23:03','22:23:11','2019-08-29','Tgt Admin'),
(324,'TGT-20180260024','22:24:27','22:24:52','2019-08-29','Tgt Admin'),
(325,'TGT-20180260022','22:31:14','22:31:49','2019-08-29','Tgt Admin'),
(326,'TGT-20180260030','21:41:57','21:42:04','2019-09-05','Tgt Admin'),
(327,'TGT-20180260012','21:42:08','21:42:18','2019-09-05','Tgt Admin'),
(328,'TGT-20180260010','21:43:02','21:43:11','2019-09-05','Tgt Admin'),
(329,'TGT-20180260015','21:43:39','21:43:52','2019-09-05','Tgt Admin'),
(330,'TGT-20180260009','21:44:04','21:44:09','2019-09-05','Tgt Admin'),
(331,'TGT-20180260019','21:44:49','21:44:58','2019-09-05','Tgt Admin'),
(332,'TGT-20180260024','21:45:18','21:45:35','2019-09-05','Tgt Admin'),
(333,'TGT-20180260023','21:45:47','21:45:51','2019-09-05','Tgt Admin'),
(334,'TGT-20180260022','21:46:43','21:46:50','2019-09-05','Tgt Admin'),
(335,'TGT-20170260029','21:47:43',NULL,'2019-09-05','Tgt Admin'),
(336,'TGT-20170260003','21:51:33','21:51:36','2019-09-05','Tgt Admin'),
(337,'TGT-20180260013','21:51:43','21:51:51','2019-09-05','Tgt Admin'),
(338,'TGT-20180260016','21:52:35','21:52:45','2019-09-05','Tgt Admin'),
(339,'TGT-20180260014','21:52:58','21:53:10','2019-09-05','Tgt Admin'),
(340,'TGT-20180260021','22:12:00','22:12:07','2019-09-19','Tgt Admin'),
(341,'TGT-20170260003','22:12:11','22:12:14','2019-09-19','Tgt Admin'),
(342,'TGT-20180260009','22:12:18','22:12:24','2019-09-19','Tgt Admin'),
(343,'TGT-20180260027','22:12:31','22:12:38','2019-09-19','Tgt Admin'),
(344,'TGT-20180260023','22:12:41','22:12:45','2019-09-19','Tgt Admin'),
(345,'TGT-20180260015','22:12:49','22:12:54','2019-09-19','Tgt Admin'),
(346,'TGT-20180260010','22:13:00','22:13:03','2019-09-19','Tgt Admin'),
(347,'TGT-20170260029','22:13:06','22:13:11','2019-09-19','Tgt Admin'),
(348,'TGT-20180260019','22:13:20','22:13:27','2019-09-19','Tgt Admin'),
(349,'TGT-20180260030','22:13:38','22:13:40','2019-09-19','Tgt Admin'),
(350,'TGT-20180260012','22:13:43','22:13:45','2019-09-19','Tgt Admin'),
(351,'TGT-20180260024','22:17:07','22:17:29','2019-09-19','Tgt Admin'),
(352,'TGT-20180260016','22:18:09','22:18:27','2019-09-19','Tgt Admin'),
(353,'TGT-20180260014','22:18:43','22:18:47','2019-09-19','Tgt Admin'),
(354,'TGT-20180260019','04:56:11','04:56:30','2019-09-26','Tgt Admin'),
(355,'TGT-20180260022','04:56:37',NULL,'2019-09-26','Tgt Admin'),
(356,'TGT-20180260015','04:56:46','04:56:50','2019-09-26','Tgt Admin'),
(357,'TGT-20180260030','04:56:53',NULL,'2019-09-26','Tgt Admin'),
(358,'TGT-20180260012','04:57:01','04:57:05','2019-09-26','Tgt Admin'),
(359,'TGT-20180260014','04:58:11','04:58:16','2019-09-26','Tgt Admin'),
(360,'TGT-20180260024','04:59:34','04:59:43','2019-09-26','Tgt Admin'),
(361,'TGT-20180260027','04:59:48','04:59:51','2019-09-26','Tgt Admin'),
(362,'TGT-20180260023','05:00:49','05:00:57','2019-09-26','Tgt Admin'),
(363,'TGT-20170260003','05:01:06','05:01:11','2019-09-26','Tgt Admin'),
(364,'TGT-20180260021','05:01:44','05:01:47','2019-09-26','Tgt Admin'),
(365,'TGT-20170260029','05:02:10','05:02:14','2019-09-26','Tgt Admin'),
(366,'TGT-20180260009','05:11:38','05:11:43','2019-09-26','Tgt Admin'),
(367,'TGT-20180260023','05:12:17','05:12:23','2019-10-03','Tgt Admin'),
(368,'TGT-20180260022','05:12:31','05:12:37','2019-10-03','Tgt Admin'),
(369,'TGT-20180260016','05:13:37','05:13:46','2019-10-03','Tgt Admin'),
(370,'TGT-20180260012','05:16:23','05:16:28','2019-10-03','Tgt Admin'),
(371,'TGT-20180260030','05:16:35','05:16:39','2019-10-03','Tgt Admin'),
(372,'TGT-20180260009','05:17:31',NULL,'2019-10-03','Tgt Admin'),
(373,'TGT-20180260010','05:17:39','05:17:45','2019-10-03','Tgt Admin'),
(374,'TGT-20180260021','05:19:37','05:19:42','2019-10-03','Tgt Admin'),
(375,'TGT-20170260003','05:19:54','05:20:00','2019-10-03','Tgt Admin'),
(376,'TGT-20170260029','05:20:09','05:20:18','2019-10-03','Tgt Admin'),
(377,'TGT-20180260014','05:20:58','05:21:04','2019-10-03','Tgt Admin'),
(378,'TGT-20180260011','05:24:24','05:24:33','2019-11-07','Tgt Admin'),
(379,'TGT-20180260020','05:24:42','05:24:47','2019-11-07','Tgt Admin'),
(380,'TGT-20180260009','05:26:15','05:26:19','2019-11-07','Tgt Admin'),
(381,'TGT-20180260022','05:26:29','05:26:35','2019-11-07','Tgt Admin'),
(382,'TGT-20180260019','05:28:03','05:28:10','2019-11-07','Tgt Admin'),
(383,'TGT-20170260003','05:28:29','05:28:35','2019-11-07','Tgt Admin'),
(384,'TGT-20180260027','05:28:44','05:29:04','2019-11-07','Tgt Admin'),
(385,'TGT-20180260023','05:30:36','05:30:42','2019-11-07','Tgt Admin'),
(386,'TGT-20180260024','05:31:17','05:31:29','2019-11-07','Tgt Admin'),
(387,'TGT-20180260021','05:38:02','05:38:05','2019-11-07','Tgt Admin'),
(388,'TGT-20170260029','05:39:14','05:39:20','2019-11-07','Tgt Admin'),
(389,'TGT-20180260016','05:43:44','05:44:03','2019-11-07','Tgt Admin'),
(390,'TGT-20180260010','05:44:11','05:44:15','2019-11-07','Tgt Admin'),
(391,'TGT-20180260014','05:44:51','05:45:13','2019-11-07','Tgt Admin');

/*Table structure for table `ytds_geup` */

DROP TABLE IF EXISTS `ytds_geup`;

CREATE TABLE `ytds_geup` (
  `id` int(5) NOT NULL AUTO_INCREMENT,
  `geup` varchar(22) DEFAULT NULL,
  PRIMARY KEY (`id`)
) ENGINE=InnoDB AUTO_INCREMENT=24 DEFAULT CHARSET=latin1;

/*Data for the table `ytds_geup` */

insert  into `ytds_geup`(`id`,`geup`) values 
(1,'Putih'),
(2,'Kuning'),
(3,'Kuning -'),
(4,'Hijau'),
(5,'Hijau -'),
(6,'Biru'),
(7,'Biru -'),
(8,'Merah'),
(9,'Merah -'),
(10,'Merah --'),
(12,'Dan 1'),
(13,'Dan 2'),
(14,'Dan 3'),
(15,'Dan 4'),
(16,'Dan 5'),
(17,'Dan 6'),
(18,'Dan 7'),
(19,'Dan 8'),
(20,'Dan 9'),
(21,'Poom 1'),
(22,'Poom 2'),
(23,'Poom 3');

/*Table structure for table `ytds_grade` */

DROP TABLE IF EXISTS `ytds_grade`;

CREATE TABLE `ytds_grade` (
  `id` int(1) NOT NULL AUTO_INCREMENT,
  `grade` char(2) DEFAULT NULL,
  `point` int(3) DEFAULT NULL,
  PRIMARY KEY (`id`)
) ENGINE=MyISAM AUTO_INCREMENT=5 DEFAULT CHARSET=latin1;

/*Data for the table `ytds_grade` */

insert  into `ytds_grade`(`id`,`grade`,`point`) values 
(1,'A',30),
(2,'B',20),
(3,'C',10),
(4,'D',0);

/*Table structure for table `ytds_kategori_penilaian` */

DROP TABLE IF EXISTS `ytds_kategori_penilaian`;

CREATE TABLE `ytds_kategori_penilaian` (
  `id` int(5) NOT NULL AUTO_INCREMENT,
  `kategori` varchar(111) DEFAULT NULL,
  PRIMARY KEY (`id`)
) ENGINE=MyISAM AUTO_INCREMENT=8 DEFAULT CHARSET=latin1;

/*Data for the table `ytds_kategori_penilaian` */

insert  into `ytds_kategori_penilaian`(`id`,`kategori`) values 
(1,'speed'),
(2,'endurance'),
(3,'flexibility'),
(4,'balance'),
(5,'agility'),
(6,'vjump'),
(7,'situp');

/*Table structure for table `ytds_login` */

DROP TABLE IF EXISTS `ytds_login`;

CREATE TABLE `ytds_login` (
  `id` int(5) NOT NULL AUTO_INCREMENT,
  `login` varchar(30) DEFAULT NULL,
  `password` varchar(30) DEFAULT NULL,
  `nama_lengkap` varchar(255) DEFAULT NULL,
  `id_akses` int(5) DEFAULT NULL,
  `login_terakhir` timestamp NOT NULL DEFAULT current_timestamp() ON UPDATE current_timestamp(),
  `id_tipe_anggota` int(5) DEFAULT NULL,
  PRIMARY KEY (`id`)
) ENGINE=InnoDB AUTO_INCREMENT=2 DEFAULT CHARSET=latin1;

/*Data for the table `ytds_login` */

insert  into `ytds_login`(`id`,`login`,`password`,`nama_lengkap`,`id_akses`,`login_terakhir`,`id_tipe_anggota`) values 
(1,'tgt','tgt','Tgt Admin',1,'2018-11-02 03:13:52',99);

/*Table structure for table `ytds_member` */

DROP TABLE IF EXISTS `ytds_member`;

CREATE TABLE `ytds_member` (
  `id` int(4) unsigned zerofill NOT NULL AUTO_INCREMENT,
  `id_rfid` varchar(30) DEFAULT NULL,
  `id_ytc` varchar(50) DEFAULT NULL,
  `id_sekolah` int(2) unsigned zerofill NOT NULL,
  `id_geup` int(5) NOT NULL,
  `id_tipe_anggota` int(5) NOT NULL,
  `nama_lengkap` varchar(100) NOT NULL,
  `gender` varchar(16) NOT NULL,
  `tempat_lahir` varchar(20) NOT NULL,
  `tanggal_lahir` date NOT NULL,
  `tinggi_badan` double NOT NULL,
  `berat_badan` double NOT NULL,
  `alamat` text NOT NULL,
  `no_hp` varchar(20) NOT NULL,
  `nama_orang_tua` varchar(100) DEFAULT NULL,
  `tanggal_gabung` date NOT NULL,
  `reg_pbti` varchar(255) DEFAULT NULL,
  `created_date` timestamp NULL DEFAULT current_timestamp() ON UPDATE current_timestamp(),
  `path_foto` varchar(255) DEFAULT NULL,
  PRIMARY KEY (`id`)
) ENGINE=InnoDB AUTO_INCREMENT=62 DEFAULT CHARSET=latin1;

/*Data for the table `ytds_member` */

insert  into `ytds_member`(`id`,`id_rfid`,`id_ytc`,`id_sekolah`,`id_geup`,`id_tipe_anggota`,`nama_lengkap`,`gender`,`tempat_lahir`,`tanggal_lahir`,`tinggi_badan`,`berat_badan`,`alamat`,`no_hp`,`nama_orang_tua`,`tanggal_gabung`,`reg_pbti`,`created_date`,`path_foto`) values 
(0002,'-','TGT-20160120002',01,13,2,'Ryan Fajri','Laki-laki','Jakarta','1990-01-01',168,90,'Jl.Cikaret Rt.05/06 Kel.Harapan Jaya Kec.Cibinong Bogor 16914','08988074064','-','2016-01-01','-','2018-11-12 03:59:18','ajax/foto_member/TGT-20160120002.jpg'),
(0003,'0446200153','TGT-20170260003',02,5,6,'fikri achmad','Laki-laki','situbondo','2001-01-05',169,48,'jl.lindung no 60','081517966391','achmad said','2017-01-04','180408184456','2019-02-13 00:03:54',''),
(0005,'2698811895','TGT-20180260005',03,3,6,'wahyu gilang pengestu','Laki-laki','bogor','2003-12-25',162,62,'jl.jati 7 no200\r\n','08994112866','kkom komariah','2018-01-01','19208305177','2019-08-22 15:31:24',''),
(0008,'1563866548','TGT-20180260008',02,7,6,'laila zulfa','Perempuan','jakarta','2001-12-10',154,57,'jl.melati tengah rt 06 rw 06','08988838760','asman','2018-01-01','180408184465','2019-02-13 00:08:01',''),
(0009,'2698912295','TGT-20180260009',02,5,6,'fitria','Perempuan','depok','2001-03-07',164,43,'jl.tpu pondok ranggon rt 02 rw 06','0895327106623','namin nawan','2018-01-01','180408184457','2019-02-13 00:08:33',''),
(0010,'0446414409','TGT-20180260010',02,5,6,'gilang ramadhan','Laki-laki','bekasi','2000-12-20',168,54,'jl. elang rt 03 rw 05\r\n','089629621595','hermawan','2018-01-01','180408184458','2019-02-13 00:08:57',''),
(0011,'2702239767','TGT-20180260011',02,5,6,'uut sundari','Perempuan','bekasi','2002-12-14',162,49,'jl.mejid al taqwa rt 01 rw 07','08979852824','wawan suhandri','2018-01-01','180408184495','2019-02-13 00:09:30',''),
(0012,'0446464505','TGT-20180260012',02,5,6,'raden ayu kusuma ningsih','Perempuan','tegal','2002-06-11',153,38,'jl.camar rt 03 rw 07\r\n','081511628901','suprihatin','2018-01-01','180408184480','2019-02-13 00:13:52',''),
(0013,'0748893605','TGT-20180260013',02,7,6,'annisa kurnia','Perempuan','jakarta','2001-10-17',152,55,'jl.sawo rt 03 rw 04 no 26','08704668546','erna triastuti','2018-01-01','180408184439','2019-02-13 00:14:22',''),
(0014,'0433289097','TGT-20180260014',02,5,6,'muhammad zaki','Laki-laki','bekasi','2002-10-28',167,70,'gg sawo rt 02 rw 04\r\n','085885518113','deden','2018-01-01','190208305170','2019-08-21 10:47:15',''),
(0015,'0433290889','TGT-20180260015',02,3,6,'ria enjellina','Perempuan','cilacap','2002-12-24',155,58,'gg garuda rt 03 rw 05','0899090913','robin','2018-01-01','190208305173','2019-08-21 06:27:45',''),
(0016,'3216084247','TGT-20180260016',02,3,6,'afif abu gustofa','Laki-laki','sukoharjo','2003-08-29',165,52,'jl.kalimanggis','085893458904','nurhayati','2018-01-01','190208305140','2019-08-21 06:29:30',''),
(0019,'0748433509','TGT-20180260019',02,7,6,'andre subarna','Laki-laki','sumedang','2000-07-02',173,65,'jl.raya hankam.gg jati rt 003 rw 04 ','089602445309','rosita','2016-04-07','180408184438','2019-08-19 01:06:23','ajax/foto_member/TGT-20180260019.png'),
(0020,'1169732531','TGT-20180260020',02,5,6,'chindy ramanda','Perempuan','bekasi','2001-12-11',145,36,'jln.lurah namat rt01 rw03','089658197244','santi','2018-01-01','180408184448','2019-02-13 00:22:10',''),
(0021,'0446464281','TGT-20180260021',02,5,6,'muhammad rizky fitrah kurniawan','Laki-laki','jakarta','2000-12-25',169,78,'jln.masjid no 52 rt03 rw06','0895777241560','jamyah','2018-01-01','180408184466','2019-02-13 00:23:17',''),
(0022,'0446414441','TGT-20180260022',02,7,6,'ravli ade saputra','Laki-laki','jakarta','1997-10-30',171,48,'jln.raya hankam.gg masjid rt05 rw06','089606829591','hasanudin','2018-01-01','','2019-02-13 00:58:06',''),
(0023,'2702098455','TGT-20180260023',02,5,6,'Sri atningsih','Perempuan','Bekasi','2001-10-10',146,34,'Jln.cempaka rt01 rw09','089612040689','Maat','2018-01-01','180408184492','2019-02-13 00:24:57',''),
(0024,'2698785415','TGT-20180260024',02,4,6,'raihan daffa subekti','Laki-laki','Bekasi','2002-03-08',167,55,'Jln.elang no 52 rt04 rw06','081213018376','Edy subekti','2018-01-01','1804084482','2019-02-13 14:02:41',''),
(0026,'0446409513','TGT-20180260026',03,2,6,'Adelia dias','Perempuan','Bekasi','2003-05-27',158,45,'Perum pondok indah permai','087748986760','Sri purwanti','2018-01-01','19208305137','2019-08-22 15:32:11',''),
(0027,'0446509385','TGT-20180260027',03,3,6,'Ryfiani devy','Perempuan','Jakarta','2002-12-12',159,48,'Kp kalimanggis kecil rt04 rw09 no 67 harja mukti cimanggis depok','089671386412','Heriyanto','2018-01-01','19208305174','2019-08-22 15:32:41',''),
(0029,'2702129559','TGT-20170260029',02,5,6,'arief rismadianto','Laki-laki','bekasi','2002-04-02',156,80,'ujung aspal gg.rambutan rt08 rw 08 jatimurni','089688288945','bandi','2017-01-03','180408184441','2019-02-13 06:54:28',''),
(0030,'2701589991','TGT-20180260030',02,2,6,'bagus riyatno','Laki-laki','Bekasi','2007-10-24',90,25,'gg.camar bekasi rt 03 rw 07','081511628981','endang','2018-01-01','19208305145','2019-08-21 06:30:07',''),
(0031,'','TGT-20180120031',01,12,2,'Wily Sanjaya','Laki-laki','Bogor','1997-09-05',168,55,'Cilodong','089660078284','Sarmadi','2018-06-01','','2019-01-31 10:50:39','ajax/foto_member/TGT-20180120031.jpg'),
(0032,'','TGT-20180120032',01,8,2,'Sopiyanto','Laki-laki','Bogor','1996-11-23',185,65,'cilodong','089604535423','yoon eun hye','2018-06-01','','2019-02-07 12:20:12','ajax/foto_member/TGT-20180120032.jpg'),
(0033,'','TGT-20180460033',04,8,6,'taufik ismail','Laki-laki','bogor','1999-12-20',164,47,'kp. padurenan rt 03 rw 07 ','089661148331','Hasan Basri','2018-01-01','','2019-07-21 06:43:03',''),
(0034,'','TGT-20180260034',06,4,6,'Jihan amini lestari','Perempuan','Nganjuk','2007-07-25',140,27,'Jln,jatirangga','089677334455','Juminah','2018-01-01','170508190415','2019-08-18 02:29:13',''),
(0036,'','TGT-20190260036',06,1,6,'Anggun anggraini','Perempuan','Bekasi','2007-06-24',140,45,'Kp. Raden rt/01 rw/05','08998308812','Irma','2019-07-25','','2019-08-18 02:30:14',''),
(0037,'','TGT-20190260037',06,1,6,'Bunga kirania','Perempuan','Bekasi ','2007-04-07',160,40,'Jl. Raya mess AL no. 40 rt/rw 03/05 jatiraden jatisampurna bekasi','0895405772777','Yozua oktavisnus','2019-07-25','','2019-08-18 02:30:35',''),
(0038,'','TGT-20190260038',06,1,6,'Tania sri windi','Perempuan','Tegal','2005-05-25',120,30,'Jln. Swadaya 3 pondok ranggon jakarta timur','0895392043065','Sadeli','2019-07-25','','2019-08-18 02:31:48',''),
(0039,'','TGT-20190160039',06,1,6,'Santika','Perempuan','Bekasi','2006-12-15',150,50,'Jln. Bhineka kp.sawah rt/005 rw/003','089608298720','Nian bin uman','2019-07-25','','2019-08-18 02:28:43',''),
(0040,'','TGT-20190260040',06,1,6,'Alifah tul marianah','Perempuan','Bekasi ','2007-04-22',160,30,'Pasar kranggan jl gang sawo','087776070103','Ngatiman','2019-07-25','','2019-08-18 02:32:04',''),
(0041,'','TGT-20190260041',06,1,6,'Muhammad galang sugiarto','Laki-laki','Majalengka','1990-01-01',157,58,'Kp. Pabuaran jatimurni gg. Sadar 1 A','085311765450','Heli herawati','2019-07-25','','2019-08-18 02:32:22',''),
(0042,'','TGT-20190260042',06,1,6,'Delfi rismawati','Perempuan','Banyumas','2004-01-30',159,59,'Jl. Belakang pasar kranggan ','081385459618','Juwari','2019-07-25','','2019-08-18 02:31:11',''),
(0043,'','TGT-20190260043',06,1,6,'Adjie condo birowo','Laki-laki','Bekasi','2007-02-09',140,40,'Ujung aspal rt 04/06','085694931048','Subiyakro','2019-07-25','','2019-08-18 02:30:51',''),
(0045,'','TGT-20190560045',05,1,6,'JEREMIAH SUKAMTO','Laki-laki','Jakarta','2010-05-31',0,0,'-','081291650737','Hariss Sukamto/Alia Rosalyn ','2019-09-05','','2019-11-06 11:31:43',NULL),
(0046,'','TGT-20190560046',05,1,6,'MARVEL PANDAPOTAN SIMANJUNTAK ','Laki-laki','Bekasi','2011-11-16',0,0,'-','0858 9461 3088','Rudy Marajohan S./Rika Melati BR Sibagariang','2019-09-05','','2019-11-06 11:33:25',NULL),
(0047,'','TGT-20190560047',05,1,6,'AOKI AQELLAH ','Perempuan','Depok','2010-09-27',132,24,'-','0878 8285 0088','Yulian Palapa Wibawa/Tri Hindriasari','2019-09-05','','2019-11-06 11:35:26',NULL),
(0048,'','TGT-20190560048',05,1,6,'BAGAS RADITYA RIADI ','Laki-laki','Tembung','2010-05-01',133,30,'-','0853 7301 2595','Yusriadi/Doris Fitriana Hutauruk','2019-09-05','','2019-11-06 11:37:42',NULL),
(0049,'','TGT-20190160049',05,1,6,'BENJAMIN NATHAN JESHUA SIMANJUNTAK','Laki-laki','Jakarta','1990-01-15',138,146,'-','0812 8155 795','Liberty Cladius Simanjuntak/Claudia Elfriede Lamria Siahaan','2019-09-05','','2019-11-06 11:56:04',''),
(0050,'','TGT-20190560050',05,1,6,'GEORGIO HEYWARD EZALDO NANGKA','Laki-laki','Jakarta','2010-01-01',139,39,'-','0852 1095 6969','Reza H A Nangka/Paula Y S. Kalalo ','2019-09-05','','2019-11-06 11:42:22',NULL),
(0051,'','TGT-20190560051',05,1,6,'CHELSEA CHIARRA','Perempuan','Jakarta','2009-09-25',153,66,'-','0813 1065 7984','Hany Wirahadi Kusuma /Dini Gustyas Rusniani','2019-09-05','','2019-11-06 11:45:23',NULL),
(0052,'','TGT-20180560052',05,1,6,'FREYA JULIA DAVIANA SIMARMATA ','Perempuan','Jakarta','2009-07-14',137,33,'-','0812 9598 155','Charles Rudy Parlindungan /Sophia Jenny L Lbn Tobing ','2018-01-01','','2019-11-06 11:48:30',NULL),
(0053,'','TGT-20190560053',05,1,6,'DARRYL REMO SATRIA','Laki-laki','Jakarta','2011-07-27',0,0,'-','0813 1065 7984','Hany Wirahadi Kusuma/Dini Gustyas Rusniani','2019-09-05','','2019-11-06 11:52:40',NULL),
(0054,'','TGT-20190560054',05,1,6,'HUMEYRA HAMADA','Perempuan','Jakarta','2009-04-29',130,24,'-','0815 8660 4665','Erwin/Yasmin Annisa','2019-09-05','','2019-11-06 12:05:03',''),
(0055,'','TGT-20190560055',05,1,6,'HAIFA SALSABILA','Perempuan','Bekasi','2007-01-20',152,55,'-','0813 1065 7984','Hany Wirahadi Kusuma /Dini Gustyas Rusniani','2019-09-05','','2019-11-06 11:59:42',NULL),
(0056,'','TGT-20180560056',05,1,6,'JULFA ARDHANI WISNUMURTI','Laki-laki','Jakarta','2007-01-04',164,65,'-','0815 1130 0014','Arie Budieningsih ','2018-01-01','','2019-11-06 17:05:38',''),
(0057,'','TGT-20180560057',05,1,6,'NADYA RAISYA RIADI','Perempuan','Tembung','2007-06-04',150,42,'-','0853 7301 2595','Yusriadi/Doris Fitriana Hutauruk','2018-01-05','','2019-11-06 12:07:03',NULL),
(0058,'','TGT-20190560058',05,1,6,'REO KELANA PUTERA HAKIM','Laki-laki','Jakarta','2008-02-05',151,48,'-','0816 1870 919','Budiman Hakim/Devina Hanoum Hakim','2019-09-05','','2019-11-06 12:08:53',NULL),
(0059,'','TGT-20180560059',05,1,6,'SHARON WILLIAM','Perempuan','Pontianak','2008-12-15',159,60,'-','0852 1164 8229','William Suyono/Nuraini','2018-09-05','','2019-11-06 17:07:53',''),
(0060,'0446163065','TGT-20200250060',02,1,5,'Affa Bai\'atun Nissa /Afis','Perempuan','Pekalongan','2005-08-24',163,45,'Komplek TNI AU Cakarawala 1 Blok A No.4 Rt.01/015 Jatirangga Jatisampuran Bekasi Jawa Barat','085717043689','Nur Julaiha S.pd','2020-01-23','','2020-02-02 08:54:53',''),
(0061,'2578967572','TGT-20200250061',02,1,5,'Tisella Zulfa Auriyadi / Lafa','Perempuan','Bekasi','2008-10-03',145,40,'Komplek TNI AU Cakrawala 1 Blok A No.4 Rt.01/015 Jatirangga Jatisampurna Bekasi Jawa Barat','085717043689','Nur Julaiha S.pd','2020-01-23','','2020-02-01 16:42:45','');

/*Table structure for table `ytds_nilai` */

DROP TABLE IF EXISTS `ytds_nilai`;

CREATE TABLE `ytds_nilai` (
  `id` int(5) NOT NULL AUTO_INCREMENT,
  `id_member` int(4) unsigned zerofill DEFAULT NULL,
  `usia_saat_test` int(6) DEFAULT NULL,
  `kategori_penilaian` int(2) DEFAULT NULL,
  `val` double DEFAULT NULL,
  `nilai` double DEFAULT NULL,
  `dibuat_oleh` varchar(30) DEFAULT NULL,
  `tanggal_penilaian` timestamp NULL DEFAULT current_timestamp(),
  PRIMARY KEY (`id`)
) ENGINE=MyISAM DEFAULT CHARSET=latin1;

/*Data for the table `ytds_nilai` */

/*Table structure for table `ytds_point_event` */

DROP TABLE IF EXISTS `ytds_point_event`;

CREATE TABLE `ytds_point_event` (
  `id` int(2) NOT NULL AUTO_INCREMENT,
  `id_tipe_event` enum('Resmi','Non Resmi') DEFAULT 'Resmi',
  `kategori` varchar(255) DEFAULT NULL,
  `point` int(11) DEFAULT NULL,
  `golongan` varchar(255) DEFAULT NULL,
  PRIMARY KEY (`id`)
) ENGINE=MyISAM AUTO_INCREMENT=13 DEFAULT CHARSET=latin1;

/*Data for the table `ytds_point_event` */

insert  into `ytds_point_event`(`id`,`id_tipe_event`,`kategori`,`point`,`golongan`) values 
(1,'Resmi','Festival / Open Tournament',2,'Festival / Open Tournament'),
(2,'Resmi','Kejurcab',3,'Resmi Single Event'),
(3,'Resmi','Kejurda',3,'Resmi Single Event'),
(4,'Resmi','Kejurnas',3,'Resmi Single Event'),
(5,'Resmi','Liga Taekwondo Pelajar',2,'Resmi Single Event'),
(6,'Resmi','O2SN',2,'Resmi Multi Event'),
(7,'Resmi','POPDA',3,'Resmi Multi Event'),
(8,'Resmi','PORKAB',2,'Resmi Multi Event'),
(9,'Resmi','PORDA',3,'Resmi Multi Event'),
(10,'Resmi','PON',4,'Resmi Multi Event'),
(11,'Resmi','POPNAS',4,'Resmi Multi Event'),
(12,'Non Resmi','Festival / Open Tournament',1,'Non Resmi Festival / Open Tournament');

/*Table structure for table `ytds_prestasi_anggota` */

DROP TABLE IF EXISTS `ytds_prestasi_anggota`;

CREATE TABLE `ytds_prestasi_anggota` (
  `id` int(5) NOT NULL AUTO_INCREMENT,
  `id_member` int(5) DEFAULT NULL,
  `event_name` text DEFAULT NULL,
  `id_event` int(5) DEFAULT NULL,
  `hasil` int(1) DEFAULT NULL,
  `point` int(3) DEFAULT NULL,
  `event_date` date DEFAULT NULL,
  `created_date` timestamp NOT NULL DEFAULT current_timestamp() ON UPDATE current_timestamp(),
  PRIMARY KEY (`id`)
) ENGINE=MyISAM AUTO_INCREMENT=5 DEFAULT CHARSET=latin1;

/*Data for the table `ytds_prestasi_anggota` */

/*Table structure for table `ytds_tipe_anggota` */

DROP TABLE IF EXISTS `ytds_tipe_anggota`;

CREATE TABLE `ytds_tipe_anggota` (
  `id` int(5) NOT NULL AUTO_INCREMENT,
  `tipe_anggota` varchar(40) DEFAULT NULL,
  PRIMARY KEY (`id`)
) ENGINE=InnoDB AUTO_INCREMENT=100 DEFAULT CHARSET=latin1;

/*Data for the table `ytds_tipe_anggota` */

insert  into `ytds_tipe_anggota`(`id`,`tipe_anggota`) values 
(1,'Administrator'),
(2,'Pelatih'),
(3,'Kelas Reguler'),
(4,'Kelas Prestasi Poomsae'),
(5,'Kelas Prestasi Kyorugi'),
(6,'Ekstrakurikuler'),
(99,'Developer Aplikasi');

/*Table structure for table `ytds_unit` */

DROP TABLE IF EXISTS `ytds_unit`;

CREATE TABLE `ytds_unit` (
  `id` int(2) unsigned zerofill NOT NULL AUTO_INCREMENT,
  `nama_unit` varchar(50) NOT NULL,
  `alamat` text NOT NULL,
  `penanggung_jawab` int(4) unsigned DEFAULT NULL,
  PRIMARY KEY (`id`)
) ENGINE=InnoDB AUTO_INCREMENT=7 DEFAULT CHARSET=latin1;

/*Data for the table `ytds_unit` */

insert  into `ytds_unit`(`id`,`nama_unit`,`alamat`,`penanggung_jawab`) values 
(01,'Pelatih','Pelatih',1),
(02,'SMK Global Surya Mandiri',' Jl. Nilam II No.126, RT.2/RW.10, Jatiraden, Jatisampurna, Kota Bks, Jawa Barat 17433',2),
(03,'SMKN 14 Bekasi','Jalan Pulo I, Jatikarya, Jatisampurna, Kota Bks, Jawa Barat 17435',2),
(04,'MTs Al Mukhsin','Padurenan Cibinong Bogor',31),
(05,'Cibubur Indonesia School','Jl.Raya Leuwinanggung Tapos Kota Depok ',2),
(06,'SMP Global Candra Baga','Jl. Nilam II No.126, RT.2/RW.10, Jatiraden, Jatisampurna, Kota Bks, Jawa Barat 17433',2);

/*!40101 SET SQL_MODE=@OLD_SQL_MODE */;
/*!40014 SET FOREIGN_KEY_CHECKS=@OLD_FOREIGN_KEY_CHECKS */;
/*!40014 SET UNIQUE_CHECKS=@OLD_UNIQUE_CHECKS */;
/*!40111 SET SQL_NOTES=@OLD_SQL_NOTES */;
